epoch,step,train_loss,val_loss
0,311,,0.7902767658233643
0,311,0.7459224462509155,
1,623,,0.7362759709358215
1,623,0.6579564809799194,
2,935,,0.7306392788887024
2,935,0.6098403334617615,
3,1247,,0.751753032207489
3,1247,0.5809659957885742,
4,1559,,0.7035682797431946
4,1559,0.5724777579307556,
5,1871,,0.694638192653656
5,1871,0.5221865773200989,
6,2183,,0.7137001156806946
6,2183,0.5130996108055115,
7,2495,,0.7041006088256836
7,2495,0.4667133390903473,
8,2807,,0.7471724152565002
8,2807,0.4617953598499298,
9,3119,,0.7009019255638123
9,3119,0.43592599034309387,
10,3431,,0.6855242252349854
10,3431,0.4529367983341217,
11,3743,,0.6946988105773926
11,3743,0.4111839234828949,
12,4055,,0.7101127505302429
12,4055,0.4018799960613251,
13,4367,,0.7117350697517395
13,4367,0.39132559299468994,
14,4679,,0.6541820168495178
14,4679,0.3714327812194824,
